task_id,attempt_id,score,num_actions,elapsed_time,source_summary_path,source_dir,domain,domain_task_id
0,0,0,4,44.29349422,experiments/gemini-2.5-flash-001/reflexion-thinking_oracle/classifieds/tasks_6/summary_data.csv,experiments/gemini-2.5-flash-001/reflexion-thinking_oracle/classifieds/tasks_6,classifieds,classifieds0
18,0,0,7,47.73430681,experiments/gemini-2.5-flash-001/reflexion-thinking_oracle/classifieds/tasks_12/summary_data.csv,experiments/gemini-2.5-flash-001/reflexion-thinking_oracle/classifieds/tasks_12,classifieds,classifieds18
46,0,1,8,48.55385137,experiments/gemini-2.5-flash-001/reflexion-thinking_oracle/classifieds/tasks_16/summary_data.csv,experiments/gemini-2.5-flash-001/reflexion-thinking_oracle/classifieds/tasks_16,classifieds,classifieds46
47,0,0,7,47.07683134,experiments/gemini-2.5-flash-001/reflexion-thinking_oracle/classifieds/tasks_1/summary_data.csv,experiments/gemini-2.5-flash-001/reflexion-thinking_oracle/classifieds/tasks_1,classifieds,classifieds47
56,0,0,3,23.18761683,experiments/gemini-2.5-flash-001/reflexion-thinking_oracle/classifieds/tasks_3/summary_data.csv,experiments/gemini-2.5-flash-001/reflexion-thinking_oracle/classifieds/tasks_3,classifieds,classifieds56
61,0,0,4,28.17690349,experiments/gemini-2.5-flash-001/reflexion-thinking_oracle/classifieds/tasks_16/summary_data.csv,experiments/gemini-2.5-flash-001/reflexion-thinking_oracle/classifieds/tasks_16,classifieds,classifieds61
62,0,0,6,150.0171349,experiments/gemini-2.5-flash-001/reflexion-thinking_oracle/classifieds/tasks_12/summary_data.csv,experiments/gemini-2.5-flash-001/reflexion-thinking_oracle/classifieds/tasks_12,classifieds,classifieds62
71,0,1,7,36.57942653,experiments/gemini-2.5-flash-001/reflexion-thinking_oracle/classifieds/tasks_15/summary_data.csv,experiments/gemini-2.5-flash-001/reflexion-thinking_oracle/classifieds/tasks_15,classifieds,classifieds71
72,0,1,6,39.68126893,experiments/gemini-2.5-flash-001/reflexion-thinking_oracle/classifieds/tasks_10/summary_data.csv,experiments/gemini-2.5-flash-001/reflexion-thinking_oracle/classifieds/tasks_10,classifieds,classifieds72
74,0,0,22,153.2338042,experiments/gemini-2.5-flash-001/reflexion-thinking_oracle/classifieds/tasks_15/summary_data.csv,experiments/gemini-2.5-flash-001/reflexion-thinking_oracle/classifieds/tasks_15,classifieds,classifieds74
79,0,0,2,27.65259409,experiments/gemini-2.5-flash-001/reflexion-thinking_oracle/classifieds/tasks_11/summary_data.csv,experiments/gemini-2.5-flash-001/reflexion-thinking_oracle/classifieds/tasks_11,classifieds,classifieds79
82,0,0,16,679.1248951,experiments/gemini-2.5-flash-001/reflexion-thinking_oracle/classifieds/tasks_2/summary_data.csv,experiments/gemini-2.5-flash-001/reflexion-thinking_oracle/classifieds/tasks_2,classifieds,classifieds82
83,0,1,2,245.737133,experiments/gemini-2.5-flash-001/reflexion-thinking_oracle/classifieds/tasks_4/summary_data.csv,experiments/gemini-2.5-flash-001/reflexion-thinking_oracle/classifieds/tasks_4,classifieds,classifieds83
85,0,0,3,24.4208715,experiments/gemini-2.5-flash-001/reflexion-thinking_oracle/classifieds/tasks_2/summary_data.csv,experiments/gemini-2.5-flash-001/reflexion-thinking_oracle/classifieds/tasks_2,classifieds,classifieds85
86,0,0,1,5.308308125,experiments/gemini-2.5-flash-001/reflexion-thinking_oracle/classifieds/tasks_1/summary_data.csv,experiments/gemini-2.5-flash-001/reflexion-thinking_oracle/classifieds/tasks_1,classifieds,classifieds86
90,0,0,2,15.81402159,experiments/gemini-2.5-flash-001/reflexion-thinking_oracle/classifieds/tasks_11/summary_data.csv,experiments/gemini-2.5-flash-001/reflexion-thinking_oracle/classifieds/tasks_11,classifieds,classifieds90
93,0,1,2,19.34900928,experiments/gemini-2.5-flash-001/reflexion-thinking_oracle/classifieds/tasks_14/summary_data.csv,experiments/gemini-2.5-flash-001/reflexion-thinking_oracle/classifieds/tasks_14,classifieds,classifieds93
94,0,1,2,21.5314374,experiments/gemini-2.5-flash-001/reflexion-thinking_oracle/classifieds/tasks_2/summary_data.csv,experiments/gemini-2.5-flash-001/reflexion-thinking_oracle/classifieds/tasks_2,classifieds,classifieds94
96,0,0,4,48.12018108,experiments/gemini-2.5-flash-001/reflexion-thinking_oracle/classifieds/tasks_15/summary_data.csv,experiments/gemini-2.5-flash-001/reflexion-thinking_oracle/classifieds/tasks_15,classifieds,classifieds96
97,0,0,3,20.61435986,experiments/gemini-2.5-flash-001/reflexion-thinking_oracle/classifieds/tasks_12/summary_data.csv,experiments/gemini-2.5-flash-001/reflexion-thinking_oracle/classifieds/tasks_12,classifieds,classifieds97
98,0,1,5,26.63081241,experiments/gemini-2.5-flash-001/reflexion-thinking_oracle/classifieds/tasks_8/summary_data.csv,experiments/gemini-2.5-flash-001/reflexion-thinking_oracle/classifieds/tasks_8,classifieds,classifieds98
100,0,0,2,84.22636604,experiments/gemini-2.5-flash-001/reflexion-thinking_oracle/classifieds/tasks_10/summary_data.csv,experiments/gemini-2.5-flash-001/reflexion-thinking_oracle/classifieds/tasks_10,classifieds,classifieds100
102,0,1,5,43.26923108,experiments/gemini-2.5-flash-001/reflexion-thinking_oracle/classifieds/tasks_8/summary_data.csv,experiments/gemini-2.5-flash-001/reflexion-thinking_oracle/classifieds/tasks_8,classifieds,classifieds102
103,0,1,6,52.69266653,experiments/gemini-2.5-flash-001/reflexion-thinking_oracle/classifieds/tasks_9/summary_data.csv,experiments/gemini-2.5-flash-001/reflexion-thinking_oracle/classifieds/tasks_9,classifieds,classifieds103
104,0,0,6,39.12434053,experiments/gemini-2.5-flash-001/reflexion-thinking_oracle/classifieds/tasks_7/summary_data.csv,experiments/gemini-2.5-flash-001/reflexion-thinking_oracle/classifieds/tasks_7,classifieds,classifieds104
112,0,1,5,133.2806337,experiments/gemini-2.5-flash-001/reflexion-thinking_oracle/classifieds/tasks_9/summary_data.csv,experiments/gemini-2.5-flash-001/reflexion-thinking_oracle/classifieds/tasks_9,classifieds,classifieds112
114,0,0,22,205.5883117,experiments/gemini-2.5-flash-001/reflexion-thinking_oracle/classifieds/tasks_5/summary_data.csv,experiments/gemini-2.5-flash-001/reflexion-thinking_oracle/classifieds/tasks_5,classifieds,classifieds114
116,0,1,7,595.4633915,experiments/gemini-2.5-flash-001/reflexion-thinking_oracle/classifieds/tasks_3/summary_data.csv,experiments/gemini-2.5-flash-001/reflexion-thinking_oracle/classifieds/tasks_3,classifieds,classifieds116
120,0,1,2,18.80352664,experiments/gemini-2.5-flash-001/reflexion-thinking_oracle/classifieds/tasks_2/summary_data.csv,experiments/gemini-2.5-flash-001/reflexion-thinking_oracle/classifieds/tasks_2,classifieds,classifieds120
121,0,1,2,16.79269934,experiments/gemini-2.5-flash-001/reflexion-thinking_oracle/classifieds/tasks_4/summary_data.csv,experiments/gemini-2.5-flash-001/reflexion-thinking_oracle/classifieds/tasks_4,classifieds,classifieds121
125,0,0,8,51.61117744,experiments/gemini-2.5-flash-001/reflexion-thinking_oracle/classifieds/tasks_11/summary_data.csv,experiments/gemini-2.5-flash-001/reflexion-thinking_oracle/classifieds/tasks_11,classifieds,classifieds125
126,0,1,13,691.4228992,experiments/gemini-2.5-flash-001/reflexion-thinking_oracle/classifieds/tasks_1/summary_data.csv,experiments/gemini-2.5-flash-001/reflexion-thinking_oracle/classifieds/tasks_1,classifieds,classifieds126
127,0,1,3,20.05930758,experiments/gemini-2.5-flash-001/reflexion-thinking_oracle/classifieds/tasks_13/summary_data.csv,experiments/gemini-2.5-flash-001/reflexion-thinking_oracle/classifieds/tasks_13,classifieds,classifieds127
128,0,0,1,9.193005562,experiments/gemini-2.5-flash-001/reflexion-thinking_oracle/classifieds/tasks_14/summary_data.csv,experiments/gemini-2.5-flash-001/reflexion-thinking_oracle/classifieds/tasks_14,classifieds,classifieds128
130,0,1,2,14.20557499,experiments/gemini-2.5-flash-001/reflexion-thinking_oracle/classifieds/tasks_5/summary_data.csv,experiments/gemini-2.5-flash-001/reflexion-thinking_oracle/classifieds/tasks_5,classifieds,classifieds130
131,0,1,4,27.01413846,experiments/gemini-2.5-flash-001/reflexion-thinking_oracle/classifieds/tasks_1/summary_data.csv,experiments/gemini-2.5-flash-001/reflexion-thinking_oracle/classifieds/tasks_1,classifieds,classifieds131
134,0,0,1,11.56908059,experiments/gemini-2.5-flash-001/reflexion-thinking_oracle/classifieds/tasks_13/summary_data.csv,experiments/gemini-2.5-flash-001/reflexion-thinking_oracle/classifieds/tasks_13,classifieds,classifieds134
136,0,0,8,48.24573278,experiments/gemini-2.5-flash-001/reflexion-thinking_oracle/classifieds/tasks_6/summary_data.csv,experiments/gemini-2.5-flash-001/reflexion-thinking_oracle/classifieds/tasks_6,classifieds,classifieds136
138,0,1,8,44.01330996,experiments/gemini-2.5-flash-001/reflexion-thinking_oracle/classifieds/tasks_10/summary_data.csv,experiments/gemini-2.5-flash-001/reflexion-thinking_oracle/classifieds/tasks_10,classifieds,classifieds138
140,0,0,16,104.3373392,experiments/gemini-2.5-flash-001/reflexion-thinking_oracle/classifieds/tasks_9/summary_data.csv,experiments/gemini-2.5-flash-001/reflexion-thinking_oracle/classifieds/tasks_9,classifieds,classifieds140
142,0,0,15,135.6960878,experiments/gemini-2.5-flash-001/reflexion-thinking_oracle/classifieds/tasks_8/summary_data.csv,experiments/gemini-2.5-flash-001/reflexion-thinking_oracle/classifieds/tasks_8,classifieds,classifieds142
143,0,0,9,109.6178091,experiments/gemini-2.5-flash-001/reflexion-thinking_oracle/classifieds/tasks_5/summary_data.csv,experiments/gemini-2.5-flash-001/reflexion-thinking_oracle/classifieds/tasks_5,classifieds,classifieds143
146,0,1,2,18.95889616,experiments/gemini-2.5-flash-001/reflexion-thinking_oracle/classifieds/tasks_9/summary_data.csv,experiments/gemini-2.5-flash-001/reflexion-thinking_oracle/classifieds/tasks_9,classifieds,classifieds146
148,0,0,1,8.556150675,experiments/gemini-2.5-flash-001/reflexion-thinking_oracle/classifieds/tasks_10/summary_data.csv,experiments/gemini-2.5-flash-001/reflexion-thinking_oracle/classifieds/tasks_10,classifieds,classifieds148
161,0,0,2,14.63907981,experiments/gemini-2.5-flash-001/reflexion-thinking_oracle/classifieds/tasks_5/summary_data.csv,experiments/gemini-2.5-flash-001/reflexion-thinking_oracle/classifieds/tasks_5,classifieds,classifieds161
163,0,1,2,17.38126016,experiments/gemini-2.5-flash-001/reflexion-thinking_oracle/classifieds/tasks_4/summary_data.csv,experiments/gemini-2.5-flash-001/reflexion-thinking_oracle/classifieds/tasks_4,classifieds,classifieds163
165,0,1,4,33.70298076,experiments/gemini-2.5-flash-001/reflexion-thinking_oracle/classifieds/tasks_16/summary_data.csv,experiments/gemini-2.5-flash-001/reflexion-thinking_oracle/classifieds/tasks_16,classifieds,classifieds165
168,0,1,7,57.38045526,experiments/gemini-2.5-flash-001/reflexion-thinking_oracle/classifieds/tasks_16/summary_data.csv,experiments/gemini-2.5-flash-001/reflexion-thinking_oracle/classifieds/tasks_16,classifieds,classifieds168
169,0,0,16,111.2398262,experiments/gemini-2.5-flash-001/reflexion-thinking_oracle/classifieds/tasks_7/summary_data.csv,experiments/gemini-2.5-flash-001/reflexion-thinking_oracle/classifieds/tasks_7,classifieds,classifieds169
170,0,0,11,74.72823882,experiments/gemini-2.5-flash-001/reflexion-thinking_oracle/classifieds/tasks_8/summary_data.csv,experiments/gemini-2.5-flash-001/reflexion-thinking_oracle/classifieds/tasks_8,classifieds,classifieds170
171,0,0,16,127.8145785,experiments/gemini-2.5-flash-001/reflexion-thinking_oracle/classifieds/tasks_14/summary_data.csv,experiments/gemini-2.5-flash-001/reflexion-thinking_oracle/classifieds/tasks_14,classifieds,classifieds171
172,0,1,20,126.3630276,experiments/gemini-2.5-flash-001/reflexion-thinking_oracle/classifieds/tasks_6/summary_data.csv,experiments/gemini-2.5-flash-001/reflexion-thinking_oracle/classifieds/tasks_6,classifieds,classifieds172
174,0,1,1,7.685217381,experiments/gemini-2.5-flash-001/reflexion-thinking_oracle/classifieds/tasks_7/summary_data.csv,experiments/gemini-2.5-flash-001/reflexion-thinking_oracle/classifieds/tasks_7,classifieds,classifieds174
175,0,0,31,236.2481012,experiments/gemini-2.5-flash-001/reflexion-thinking_oracle/classifieds/tasks_16/summary_data.csv,experiments/gemini-2.5-flash-001/reflexion-thinking_oracle/classifieds/tasks_16,classifieds,classifieds175
178,0,0,11,82.35136509,experiments/gemini-2.5-flash-001/reflexion-thinking_oracle/classifieds/tasks_3/summary_data.csv,experiments/gemini-2.5-flash-001/reflexion-thinking_oracle/classifieds/tasks_3,classifieds,classifieds178
181,0,0,9,64.58645844,experiments/gemini-2.5-flash-001/reflexion-thinking_oracle/classifieds/tasks_14/summary_data.csv,experiments/gemini-2.5-flash-001/reflexion-thinking_oracle/classifieds/tasks_14,classifieds,classifieds181
182,0,1,9,59.44528389,experiments/gemini-2.5-flash-001/reflexion-thinking_oracle/classifieds/tasks_13/summary_data.csv,experiments/gemini-2.5-flash-001/reflexion-thinking_oracle/classifieds/tasks_13,classifieds,classifieds182
184,0,1,7,43.4993577,experiments/gemini-2.5-flash-001/reflexion-thinking_oracle/classifieds/tasks_13/summary_data.csv,experiments/gemini-2.5-flash-001/reflexion-thinking_oracle/classifieds/tasks_13,classifieds,classifieds184
185,0,0,8,78.0459342,experiments/gemini-2.5-flash-001/reflexion-thinking_oracle/classifieds/tasks_9/summary_data.csv,experiments/gemini-2.5-flash-001/reflexion-thinking_oracle/classifieds/tasks_9,classifieds,classifieds185
186,0,1,10,71.23336983,experiments/gemini-2.5-flash-001/reflexion-thinking_oracle/classifieds/tasks_11/summary_data.csv,experiments/gemini-2.5-flash-001/reflexion-thinking_oracle/classifieds/tasks_11,classifieds,classifieds186
188,0,1,2,15.76942182,experiments/gemini-2.5-flash-001/reflexion-thinking_oracle/classifieds/tasks_10/summary_data.csv,experiments/gemini-2.5-flash-001/reflexion-thinking_oracle/classifieds/tasks_10,classifieds,classifieds188
190,0,1,2,20.88773012,experiments/gemini-2.5-flash-001/reflexion-thinking_oracle/classifieds/tasks_15/summary_data.csv,experiments/gemini-2.5-flash-001/reflexion-thinking_oracle/classifieds/tasks_15,classifieds,classifieds190
197,0,0,6,33.17762899,experiments/gemini-2.5-flash-001/reflexion-thinking_oracle/classifieds/tasks_12/summary_data.csv,experiments/gemini-2.5-flash-001/reflexion-thinking_oracle/classifieds/tasks_12,classifieds,classifieds197
198,0,0,7,50.31061363,experiments/gemini-2.5-flash-001/reflexion-thinking_oracle/classifieds/tasks_11/summary_data.csv,experiments/gemini-2.5-flash-001/reflexion-thinking_oracle/classifieds/tasks_11,classifieds,classifieds198
200,0,0,12,112.108891,experiments/gemini-2.5-flash-001/reflexion-thinking_oracle/classifieds/tasks_7/summary_data.csv,experiments/gemini-2.5-flash-001/reflexion-thinking_oracle/classifieds/tasks_7,classifieds,classifieds200
201,0,1,3,21.28462148,experiments/gemini-2.5-flash-001/reflexion-thinking_oracle/classifieds/tasks_8/summary_data.csv,experiments/gemini-2.5-flash-001/reflexion-thinking_oracle/classifieds/tasks_8,classifieds,classifieds201
203,0,1,4,28.02624011,experiments/gemini-2.5-flash-001/reflexion-thinking_oracle/classifieds/tasks_12/summary_data.csv,experiments/gemini-2.5-flash-001/reflexion-thinking_oracle/classifieds/tasks_12,classifieds,classifieds203
205,0,1,5,38.08041739,experiments/gemini-2.5-flash-001/reflexion-thinking_oracle/classifieds/tasks_4/summary_data.csv,experiments/gemini-2.5-flash-001/reflexion-thinking_oracle/classifieds/tasks_4,classifieds,classifieds205
208,0,1,4,34.47481561,experiments/gemini-2.5-flash-001/reflexion-thinking_oracle/classifieds/tasks_7/summary_data.csv,experiments/gemini-2.5-flash-001/reflexion-thinking_oracle/classifieds/tasks_7,classifieds,classifieds208
209,0,1,1,8.726973772,experiments/gemini-2.5-flash-001/reflexion-thinking_oracle/classifieds/tasks_2/summary_data.csv,experiments/gemini-2.5-flash-001/reflexion-thinking_oracle/classifieds/tasks_2,classifieds,classifieds209
213,0,1,4,80.83947945,experiments/gemini-2.5-flash-001/reflexion-thinking_oracle/classifieds/tasks_3/summary_data.csv,experiments/gemini-2.5-flash-001/reflexion-thinking_oracle/classifieds/tasks_3,classifieds,classifieds213
217,0,1,22,135.2811854,experiments/gemini-2.5-flash-001/reflexion-thinking_oracle/classifieds/tasks_15/summary_data.csv,experiments/gemini-2.5-flash-001/reflexion-thinking_oracle/classifieds/tasks_15,classifieds,classifieds217
220,0,1,5,87.65988064,experiments/gemini-2.5-flash-001/reflexion-thinking_oracle/classifieds/tasks_13/summary_data.csv,experiments/gemini-2.5-flash-001/reflexion-thinking_oracle/classifieds/tasks_13,classifieds,classifieds220
221,0,1,1,7.576734543,experiments/gemini-2.5-flash-001/reflexion-thinking_oracle/classifieds/tasks_6/summary_data.csv,experiments/gemini-2.5-flash-001/reflexion-thinking_oracle/classifieds/tasks_6,classifieds,classifieds221
222,0,1,1,7.034611464,experiments/gemini-2.5-flash-001/reflexion-thinking_oracle/classifieds/tasks_6/summary_data.csv,experiments/gemini-2.5-flash-001/reflexion-thinking_oracle/classifieds/tasks_6,classifieds,classifieds222
223,0,0,4,70.99287581,experiments/gemini-2.5-flash-001/reflexion-thinking_oracle/classifieds/tasks_14/summary_data.csv,experiments/gemini-2.5-flash-001/reflexion-thinking_oracle/classifieds/tasks_14,classifieds,classifieds223
229,0,0,11,414.476383,experiments/gemini-2.5-flash-001/reflexion-thinking_oracle/classifieds/tasks_4/summary_data.csv,experiments/gemini-2.5-flash-001/reflexion-thinking_oracle/classifieds/tasks_4,classifieds,classifieds229
231,0,0,9,56.48176837,experiments/gemini-2.5-flash-001/reflexion-thinking_oracle/classifieds/tasks_3/summary_data.csv,experiments/gemini-2.5-flash-001/reflexion-thinking_oracle/classifieds/tasks_3,classifieds,classifieds231
233,0,0,1,12.93334198,experiments/gemini-2.5-flash-001/reflexion-thinking_oracle/classifieds/tasks_5/summary_data.csv,experiments/gemini-2.5-flash-001/reflexion-thinking_oracle/classifieds/tasks_5,classifieds,classifieds233
0,0,1,2,54.66336417,experiments/gemini-2.5-flash-001/reflexion-thinking_oracle/reddit/tasks_9/summary_data.csv,experiments/gemini-2.5-flash-001/reflexion-thinking_oracle/reddit/tasks_9,reddit,reddit0
58,0,0,5,41.79494429,experiments/gemini-2.5-flash-001/reflexion-thinking_oracle/reddit/tasks_3/summary_data.csv,experiments/gemini-2.5-flash-001/reflexion-thinking_oracle/reddit/tasks_3,reddit,reddit58
62,0,0,7,57.30506206,experiments/gemini-2.5-flash-001/reflexion-thinking_oracle/reddit/tasks_14/summary_data.csv,experiments/gemini-2.5-flash-001/reflexion-thinking_oracle/reddit/tasks_14,reddit,reddit62
67,0,0,5,127.2842927,experiments/gemini-2.5-flash-001/reflexion-thinking_oracle/reddit/tasks_7/summary_data.csv,experiments/gemini-2.5-flash-001/reflexion-thinking_oracle/reddit/tasks_7,reddit,reddit67
73,0,0,31,176.1656339,experiments/gemini-2.5-flash-001/reflexion-thinking_oracle/reddit/tasks_2/summary_data.csv,experiments/gemini-2.5-flash-001/reflexion-thinking_oracle/reddit/tasks_2,reddit,reddit73
74,0,0,29,1286.807865,experiments/gemini-2.5-flash-001/reflexion-thinking_oracle/reddit/tasks_15/summary_data.csv,experiments/gemini-2.5-flash-001/reflexion-thinking_oracle/reddit/tasks_15,reddit,reddit74
75,0,0,11,100.5908208,experiments/gemini-2.5-flash-001/reflexion-thinking_oracle/reddit/tasks_5/summary_data.csv,experiments/gemini-2.5-flash-001/reflexion-thinking_oracle/reddit/tasks_5,reddit,reddit75
78,0,0,10,67.27961493,experiments/gemini-2.5-flash-001/reflexion-thinking_oracle/reddit/tasks_17/summary_data.csv,experiments/gemini-2.5-flash-001/reflexion-thinking_oracle/reddit/tasks_17,reddit,reddit78
79,0,1,3,21.70430517,experiments/gemini-2.5-flash-001/reflexion-thinking_oracle/reddit/tasks_7/summary_data.csv,experiments/gemini-2.5-flash-001/reflexion-thinking_oracle/reddit/tasks_7,reddit,reddit79
84,0,0,18,163.2612629,experiments/gemini-2.5-flash-001/reflexion-thinking_oracle/reddit/tasks_8/summary_data.csv,experiments/gemini-2.5-flash-001/reflexion-thinking_oracle/reddit/tasks_8,reddit,reddit84
85,0,0,22,192.4054635,experiments/gemini-2.5-flash-001/reflexion-thinking_oracle/reddit/tasks_12/summary_data.csv,experiments/gemini-2.5-flash-001/reflexion-thinking_oracle/reddit/tasks_12,reddit,reddit85
87,0,0,1,15.61574292,experiments/gemini-2.5-flash-001/reflexion-thinking_oracle/reddit/tasks_5/summary_data.csv,experiments/gemini-2.5-flash-001/reflexion-thinking_oracle/reddit/tasks_5,reddit,reddit87
88,0,0,21,163.654011,experiments/gemini-2.5-flash-001/reflexion-thinking_oracle/reddit/tasks_15/summary_data.csv,experiments/gemini-2.5-flash-001/reflexion-thinking_oracle/reddit/tasks_15,reddit,reddit88
89,0,1,4,36.02226758,experiments/gemini-2.5-flash-001/reflexion-thinking_oracle/reddit/tasks_14/summary_data.csv,experiments/gemini-2.5-flash-001/reflexion-thinking_oracle/reddit/tasks_14,reddit,reddit89
92,0,0,10,59.79000711,experiments/gemini-2.5-flash-001/reflexion-thinking_oracle/reddit/tasks_14/summary_data.csv,experiments/gemini-2.5-flash-001/reflexion-thinking_oracle/reddit/tasks_14,reddit,reddit92
99,0,1,8,88.53164339,experiments/gemini-2.5-flash-001/reflexion-thinking_oracle/reddit/tasks_4/summary_data.csv,experiments/gemini-2.5-flash-001/reflexion-thinking_oracle/reddit/tasks_4,reddit,reddit99
102,0,0,4,35.13302803,experiments/gemini-2.5-flash-001/reflexion-thinking_oracle/reddit/tasks_6/summary_data.csv,experiments/gemini-2.5-flash-001/reflexion-thinking_oracle/reddit/tasks_6,reddit,reddit102
106,0,1,8,72.38822436,experiments/gemini-2.5-flash-001/reflexion-thinking_oracle/reddit/tasks_2_1/summary_data.csv,experiments/gemini-2.5-flash-001/reflexion-thinking_oracle/reddit/tasks_2_1,reddit,reddit106
107,0,1,15,208.7953804,experiments/gemini-2.5-flash-001/reflexion-thinking_oracle/reddit/tasks_13/summary_data.csv,experiments/gemini-2.5-flash-001/reflexion-thinking_oracle/reddit/tasks_13,reddit,reddit107
108,0,0,18,105.4756002,experiments/gemini-2.5-flash-001/reflexion-thinking_oracle/reddit/tasks_15/summary_data.csv,experiments/gemini-2.5-flash-001/reflexion-thinking_oracle/reddit/tasks_15,reddit,reddit108
111,0,0,24,324.4310021,experiments/gemini-2.5-flash-001/reflexion-thinking_oracle/reddit/tasks_4/summary_data.csv,experiments/gemini-2.5-flash-001/reflexion-thinking_oracle/reddit/tasks_4,reddit,reddit111
114,0,0,8,69.62079525,experiments/gemini-2.5-flash-001/reflexion-thinking_oracle/reddit/tasks_13/summary_data.csv,experiments/gemini-2.5-flash-001/reflexion-thinking_oracle/reddit/tasks_13,reddit,reddit114
117,0,0,3,35.54422832,experiments/gemini-2.5-flash-001/reflexion-thinking_oracle/reddit/tasks_6/summary_data.csv,experiments/gemini-2.5-flash-001/reflexion-thinking_oracle/reddit/tasks_6,reddit,reddit117
120,0,1,1,7.080577612,experiments/gemini-2.5-flash-001/reflexion-thinking_oracle/reddit/tasks_9/summary_data.csv,experiments/gemini-2.5-flash-001/reflexion-thinking_oracle/reddit/tasks_9,reddit,reddit120
122,0,0,3,73.17514348,experiments/gemini-2.5-flash-001/reflexion-thinking_oracle/reddit/tasks_5/summary_data.csv,experiments/gemini-2.5-flash-001/reflexion-thinking_oracle/reddit/tasks_5,reddit,reddit122
123,0,0,16,94.32931328,experiments/gemini-2.5-flash-001/reflexion-thinking_oracle/reddit/tasks_12/summary_data.csv,experiments/gemini-2.5-flash-001/reflexion-thinking_oracle/reddit/tasks_12,reddit,reddit123
126,0,0,17,124.3188491,experiments/gemini-2.5-flash-001/reflexion-thinking_oracle/reddit/tasks_4/summary_data.csv,experiments/gemini-2.5-flash-001/reflexion-thinking_oracle/reddit/tasks_4,reddit,reddit126
129,0,1,4,99.3822546,experiments/gemini-2.5-flash-001/reflexion-thinking_oracle/reddit/tasks_1_1/summary_data.csv,experiments/gemini-2.5-flash-001/reflexion-thinking_oracle/reddit/tasks_1_1,reddit,reddit129
132,0,0,20,215.4905534,experiments/gemini-2.5-flash-001/reflexion-thinking_oracle/reddit/tasks_3/summary_data.csv,experiments/gemini-2.5-flash-001/reflexion-thinking_oracle/reddit/tasks_3,reddit,reddit132
135,0,0,7,74.65343642,experiments/gemini-2.5-flash-001/reflexion-thinking_oracle/reddit/tasks_1/summary_data.csv,experiments/gemini-2.5-flash-001/reflexion-thinking_oracle/reddit/tasks_1,reddit,reddit135
137,0,0,31,291.8454726,experiments/gemini-2.5-flash-001/reflexion-thinking_oracle/reddit/tasks_12/summary_data.csv,experiments/gemini-2.5-flash-001/reflexion-thinking_oracle/reddit/tasks_12,reddit,reddit137
138,0,0,12,139.0889304,experiments/gemini-2.5-flash-001/reflexion-thinking_oracle/reddit/tasks_3/summary_data.csv,experiments/gemini-2.5-flash-001/reflexion-thinking_oracle/reddit/tasks_3,reddit,reddit138
140,0,0,18,197.1116424,experiments/gemini-2.5-flash-001/reflexion-thinking_oracle/reddit/tasks_11/summary_data.csv,experiments/gemini-2.5-flash-001/reflexion-thinking_oracle/reddit/tasks_11,reddit,reddit140
141,0,1,4,30.88901472,experiments/gemini-2.5-flash-001/reflexion-thinking_oracle/reddit/tasks_10/summary_data.csv,experiments/gemini-2.5-flash-001/reflexion-thinking_oracle/reddit/tasks_10,reddit,reddit141
145,0,1,3,40.03977633,experiments/gemini-2.5-flash-001/reflexion-thinking_oracle/reddit/tasks_8/summary_data.csv,experiments/gemini-2.5-flash-001/reflexion-thinking_oracle/reddit/tasks_8,reddit,reddit145
146,0,1,3,24.70290947,experiments/gemini-2.5-flash-001/reflexion-thinking_oracle/reddit/tasks_11/summary_data.csv,experiments/gemini-2.5-flash-001/reflexion-thinking_oracle/reddit/tasks_11,reddit,reddit146
147,0,0,4,31.43161321,experiments/gemini-2.5-flash-001/reflexion-thinking_oracle/reddit/tasks_7/summary_data.csv,experiments/gemini-2.5-flash-001/reflexion-thinking_oracle/reddit/tasks_7,reddit,reddit147
153,0,0,2,12.07942152,experiments/gemini-2.5-flash-001/reflexion-thinking_oracle/reddit/tasks_15/summary_data.csv,experiments/gemini-2.5-flash-001/reflexion-thinking_oracle/reddit/tasks_15,reddit,reddit153
154,0,0,9,51.01879859,experiments/gemini-2.5-flash-001/reflexion-thinking_oracle/reddit/tasks_5/summary_data.csv,experiments/gemini-2.5-flash-001/reflexion-thinking_oracle/reddit/tasks_5,reddit,reddit154
155,0,1,2,23.30832291,experiments/gemini-2.5-flash-001/reflexion-thinking_oracle/reddit/tasks_2/summary_data.csv,experiments/gemini-2.5-flash-001/reflexion-thinking_oracle/reddit/tasks_2,reddit,reddit155
156,0,0,16,103.2783031,experiments/gemini-2.5-flash-001/reflexion-thinking_oracle/reddit/tasks_1/summary_data.csv,experiments/gemini-2.5-flash-001/reflexion-thinking_oracle/reddit/tasks_1,reddit,reddit156
157,0,1,3,21.38320827,experiments/gemini-2.5-flash-001/reflexion-thinking_oracle/reddit/tasks_13/summary_data.csv,experiments/gemini-2.5-flash-001/reflexion-thinking_oracle/reddit/tasks_13,reddit,reddit157
159,0,0,31,247.5236847,experiments/gemini-2.5-flash-001/reflexion-thinking_oracle/reddit/tasks_13/summary_data.csv,experiments/gemini-2.5-flash-001/reflexion-thinking_oracle/reddit/tasks_13,reddit,reddit159
160,0,0,2,15.51187778,experiments/gemini-2.5-flash-001/reflexion-thinking_oracle/reddit/tasks_2/summary_data.csv,experiments/gemini-2.5-flash-001/reflexion-thinking_oracle/reddit/tasks_2,reddit,reddit160
162,0,0,12,88.05163717,experiments/gemini-2.5-flash-001/reflexion-thinking_oracle/reddit/tasks_9/summary_data.csv,experiments/gemini-2.5-flash-001/reflexion-thinking_oracle/reddit/tasks_9,reddit,reddit162
164,0,0,12,88.15666723,experiments/gemini-2.5-flash-001/reflexion-thinking_oracle/reddit/tasks_10/summary_data.csv,experiments/gemini-2.5-flash-001/reflexion-thinking_oracle/reddit/tasks_10,reddit,reddit164
166,0,0,3,17.0781734,experiments/gemini-2.5-flash-001/reflexion-thinking_oracle/reddit/tasks_10/summary_data.csv,experiments/gemini-2.5-flash-001/reflexion-thinking_oracle/reddit/tasks_10,reddit,reddit166
167,0,0,10,112.0405374,experiments/gemini-2.5-flash-001/reflexion-thinking_oracle/reddit/tasks_11/summary_data.csv,experiments/gemini-2.5-flash-001/reflexion-thinking_oracle/reddit/tasks_11,reddit,reddit167
168,0,0,9,164.964601,experiments/gemini-2.5-flash-001/reflexion-thinking_oracle/reddit/tasks_9/summary_data.csv,experiments/gemini-2.5-flash-001/reflexion-thinking_oracle/reddit/tasks_9,reddit,reddit168
169,0,0,1,15.58804226,experiments/gemini-2.5-flash-001/reflexion-thinking_oracle/reddit/tasks_11/summary_data.csv,experiments/gemini-2.5-flash-001/reflexion-thinking_oracle/reddit/tasks_11,reddit,reddit169
170,0,1,4,34.55929136,experiments/gemini-2.5-flash-001/reflexion-thinking_oracle/reddit/tasks_7/summary_data.csv,experiments/gemini-2.5-flash-001/reflexion-thinking_oracle/reddit/tasks_7,reddit,reddit170
172,0,0,11,79.22833705,experiments/gemini-2.5-flash-001/reflexion-thinking_oracle/reddit/tasks_6/summary_data.csv,experiments/gemini-2.5-flash-001/reflexion-thinking_oracle/reddit/tasks_6,reddit,reddit172
175,0,1,4,197.927599,experiments/gemini-2.5-flash-001/reflexion-thinking_oracle/reddit/tasks_3/summary_data.csv,experiments/gemini-2.5-flash-001/reflexion-thinking_oracle/reddit/tasks_3,reddit,reddit175
177,0,1,12,201.2372558,experiments/gemini-2.5-flash-001/reflexion-thinking_oracle/reddit/tasks_1/summary_data.csv,experiments/gemini-2.5-flash-001/reflexion-thinking_oracle/reddit/tasks_1,reddit,reddit177
179,0,0,16,102.823138,experiments/gemini-2.5-flash-001/reflexion-thinking_oracle/reddit/tasks_8/summary_data.csv,experiments/gemini-2.5-flash-001/reflexion-thinking_oracle/reddit/tasks_8,reddit,reddit179
180,0,0,13,98.40778923,experiments/gemini-2.5-flash-001/reflexion-thinking_oracle/reddit/tasks_16/summary_data.csv,experiments/gemini-2.5-flash-001/reflexion-thinking_oracle/reddit/tasks_16,reddit,reddit180
182,0,0,18,187.4519789,experiments/gemini-2.5-flash-001/reflexion-thinking_oracle/reddit/tasks_1/summary_data.csv,experiments/gemini-2.5-flash-001/reflexion-thinking_oracle/reddit/tasks_1,reddit,reddit182
184,0,0,21,136.2651126,experiments/gemini-2.5-flash-001/reflexion-thinking_oracle/reddit/tasks_4/summary_data.csv,experiments/gemini-2.5-flash-001/reflexion-thinking_oracle/reddit/tasks_4,reddit,reddit184
185,0,0,15,112.8697786,experiments/gemini-2.5-flash-001/reflexion-thinking_oracle/reddit/tasks_10/summary_data.csv,experiments/gemini-2.5-flash-001/reflexion-thinking_oracle/reddit/tasks_10,reddit,reddit185
189,0,0,3,18.72350359,experiments/gemini-2.5-flash-001/reflexion-thinking_oracle/reddit/tasks_1/summary_data.csv,experiments/gemini-2.5-flash-001/reflexion-thinking_oracle/reddit/tasks_1,reddit,reddit189
190,0,0,3,20.45317912,experiments/gemini-2.5-flash-001/reflexion-thinking_oracle/reddit/tasks_3/summary_data.csv,experiments/gemini-2.5-flash-001/reflexion-thinking_oracle/reddit/tasks_3,reddit,reddit190
193,0,0,7,104.8291304,experiments/gemini-2.5-flash-001/reflexion-thinking_oracle/reddit/tasks_12/summary_data.csv,experiments/gemini-2.5-flash-001/reflexion-thinking_oracle/reddit/tasks_12,reddit,reddit193
197,0,0,14,103.792532,experiments/gemini-2.5-flash-001/reflexion-thinking_oracle/reddit/tasks_6/summary_data.csv,experiments/gemini-2.5-flash-001/reflexion-thinking_oracle/reddit/tasks_6,reddit,reddit197
199,0,1,15,157.4611897,experiments/gemini-2.5-flash-001/reflexion-thinking_oracle/reddit/tasks_7/summary_data.csv,experiments/gemini-2.5-flash-001/reflexion-thinking_oracle/reddit/tasks_7,reddit,reddit199
201,0,1,2,15.3672452,experiments/gemini-2.5-flash-001/reflexion-thinking_oracle/reddit/tasks_16/summary_data.csv,experiments/gemini-2.5-flash-001/reflexion-thinking_oracle/reddit/tasks_16,reddit,reddit201
203,0,0,26,310.8658376,experiments/gemini-2.5-flash-001/reflexion-thinking_oracle/reddit/tasks_2/summary_data.csv,experiments/gemini-2.5-flash-001/reflexion-thinking_oracle/reddit/tasks_2,reddit,reddit203
206,0,1,3,31.2283659,experiments/gemini-2.5-flash-001/reflexion-thinking_oracle/reddit/tasks_13/summary_data.csv,experiments/gemini-2.5-flash-001/reflexion-thinking_oracle/reddit/tasks_13,reddit,reddit206
207,0,0,16,235.2350976,experiments/gemini-2.5-flash-001/reflexion-thinking_oracle/reddit/tasks_6/summary_data.csv,experiments/gemini-2.5-flash-001/reflexion-thinking_oracle/reddit/tasks_6,reddit,reddit207
0,0,0,6,51.33182907,experiments/gemini-2.5-flash-001/reflexion-thinking_oracle/shopping/tasks_12_1/summary_data.csv,experiments/gemini-2.5-flash-001/reflexion-thinking_oracle/shopping/tasks_12_1,shopping,shopping0
24,0,1,3,40.13543582,experiments/gemini-2.5-flash-001/reflexion-thinking_oracle/shopping/tasks_6/summary_data.csv,experiments/gemini-2.5-flash-001/reflexion-thinking_oracle/shopping/tasks_6,shopping,shopping24
28,0,1,3,26.133744,experiments/gemini-2.5-flash-001/reflexion-thinking_oracle/shopping/tasks_6_1/summary_data.csv,experiments/gemini-2.5-flash-001/reflexion-thinking_oracle/shopping/tasks_6_1,shopping,shopping28
37,0,1,2,21.31848693,experiments/gemini-2.5-flash-001/reflexion-thinking_oracle/shopping/tasks_2_1/summary_data.csv,experiments/gemini-2.5-flash-001/reflexion-thinking_oracle/shopping/tasks_2_1,shopping,shopping37
46,0,1,5,191.9480879,experiments/gemini-2.5-flash-001/reflexion-thinking_oracle/shopping/tasks_14/summary_data.csv,experiments/gemini-2.5-flash-001/reflexion-thinking_oracle/shopping/tasks_14,shopping,shopping46
52,0,1,2,23.28090119,experiments/gemini-2.5-flash-001/reflexion-thinking_oracle/shopping/tasks_9_1/summary_data.csv,experiments/gemini-2.5-flash-001/reflexion-thinking_oracle/shopping/tasks_9_1,shopping,shopping52
55,0,1,2,32.10819578,experiments/gemini-2.5-flash-001/reflexion-thinking_oracle/shopping/tasks_1/summary_data.csv,experiments/gemini-2.5-flash-001/reflexion-thinking_oracle/shopping/tasks_1,shopping,shopping55
59,0,0,1,20.36489034,experiments/gemini-2.5-flash-001/reflexion-thinking_oracle/shopping/tasks_3/summary_data.csv,experiments/gemini-2.5-flash-001/reflexion-thinking_oracle/shopping/tasks_3,shopping,shopping59
68,0,0,5,38.45253849,experiments/gemini-2.5-flash-001/reflexion-thinking_oracle/shopping/tasks_3/summary_data.csv,experiments/gemini-2.5-flash-001/reflexion-thinking_oracle/shopping/tasks_3,shopping,shopping68
72,0,1,4,39.20127463,experiments/gemini-2.5-flash-001/reflexion-thinking_oracle/shopping/tasks_5_1/summary_data.csv,experiments/gemini-2.5-flash-001/reflexion-thinking_oracle/shopping/tasks_5_1,shopping,shopping72
82,0,1,4,38.67266369,experiments/gemini-2.5-flash-001/reflexion-thinking_oracle/shopping/tasks_5_1/summary_data.csv,experiments/gemini-2.5-flash-001/reflexion-thinking_oracle/shopping/tasks_5_1,shopping,shopping82
105,0,1,2,29.12767053,experiments/gemini-2.5-flash-001/reflexion-thinking_oracle/shopping/tasks_8/summary_data.csv,experiments/gemini-2.5-flash-001/reflexion-thinking_oracle/shopping/tasks_8,shopping,shopping105
109,0,0,5,39.82444239,experiments/gemini-2.5-flash-001/reflexion-thinking_oracle/shopping/tasks_10/summary_data.csv,experiments/gemini-2.5-flash-001/reflexion-thinking_oracle/shopping/tasks_10,shopping,shopping109
126,0,1,2,147.5140216,experiments/gemini-2.5-flash-001/reflexion-thinking_oracle/shopping/tasks_11/summary_data.csv,experiments/gemini-2.5-flash-001/reflexion-thinking_oracle/shopping/tasks_11,shopping,shopping126
134,0,1,2,168.7080009,experiments/gemini-2.5-flash-001/reflexion-thinking_oracle/shopping/tasks_12/summary_data.csv,experiments/gemini-2.5-flash-001/reflexion-thinking_oracle/shopping/tasks_12,shopping,shopping134
136,0,1,1,12.38894749,experiments/gemini-2.5-flash-001/reflexion-thinking_oracle/shopping/tasks_11/summary_data.csv,experiments/gemini-2.5-flash-001/reflexion-thinking_oracle/shopping/tasks_11,shopping,shopping136
138,0,1,1,12.66162109,experiments/gemini-2.5-flash-001/reflexion-thinking_oracle/shopping/tasks_16/summary_data.csv,experiments/gemini-2.5-flash-001/reflexion-thinking_oracle/shopping/tasks_16,shopping,shopping138
140,0,0,1,22.06916666,experiments/gemini-2.5-flash-001/reflexion-thinking_oracle/shopping/tasks_2_1/summary_data.csv,experiments/gemini-2.5-flash-001/reflexion-thinking_oracle/shopping/tasks_2_1,shopping,shopping140
141,0,1,2,199.0702717,experiments/gemini-2.5-flash-001/reflexion-thinking_oracle/shopping/tasks_16/summary_data.csv,experiments/gemini-2.5-flash-001/reflexion-thinking_oracle/shopping/tasks_16,shopping,shopping141
144,0,0,1,16.4259994,experiments/gemini-2.5-flash-001/reflexion-thinking_oracle/shopping/tasks_8_1/summary_data.csv,experiments/gemini-2.5-flash-001/reflexion-thinking_oracle/shopping/tasks_8_1,shopping,shopping144
146,0,1,1,9.373178482,experiments/gemini-2.5-flash-001/reflexion-thinking_oracle/shopping/tasks_9/summary_data.csv,experiments/gemini-2.5-flash-001/reflexion-thinking_oracle/shopping/tasks_9,shopping,shopping146
154,0,1,3,239.1155124,experiments/gemini-2.5-flash-001/reflexion-thinking_oracle/shopping/tasks_17/summary_data.csv,experiments/gemini-2.5-flash-001/reflexion-thinking_oracle/shopping/tasks_17,shopping,shopping154
159,0,0,3,63.38515425,experiments/gemini-2.5-flash-001/reflexion-thinking_oracle/shopping/tasks_3/summary_data.csv,experiments/gemini-2.5-flash-001/reflexion-thinking_oracle/shopping/tasks_3,shopping,shopping159
163,0,0,3,63.63579822,experiments/gemini-2.5-flash-001/reflexion-thinking_oracle/shopping/tasks_4/summary_data.csv,experiments/gemini-2.5-flash-001/reflexion-thinking_oracle/shopping/tasks_4,shopping,shopping163
168,0,1,5,113.6608593,experiments/gemini-2.5-flash-001/reflexion-thinking_oracle/shopping/tasks_2_1/summary_data.csv,experiments/gemini-2.5-flash-001/reflexion-thinking_oracle/shopping/tasks_2_1,shopping,shopping168
177,0,0,3,125.390708,experiments/gemini-2.5-flash-001/reflexion-thinking_oracle/shopping/tasks_11_1/summary_data.csv,experiments/gemini-2.5-flash-001/reflexion-thinking_oracle/shopping/tasks_11_1,shopping,shopping177
182,0,1,6,118.8574073,experiments/gemini-2.5-flash-001/reflexion-thinking_oracle/shopping/tasks_2/summary_data.csv,experiments/gemini-2.5-flash-001/reflexion-thinking_oracle/shopping/tasks_2,shopping,shopping182
185,0,0,19,182.6434419,experiments/gemini-2.5-flash-001/reflexion-thinking_oracle/shopping/tasks_11_1/summary_data.csv,experiments/gemini-2.5-flash-001/reflexion-thinking_oracle/shopping/tasks_11_1,shopping,shopping185
186,0,0,1,71.76485348,experiments/gemini-2.5-flash-001/reflexion-thinking_oracle/shopping/tasks_1/summary_data.csv,experiments/gemini-2.5-flash-001/reflexion-thinking_oracle/shopping/tasks_1,shopping,shopping186
187,0,0,6,56.30441833,experiments/gemini-2.5-flash-001/reflexion-thinking_oracle/shopping/tasks_10/summary_data.csv,experiments/gemini-2.5-flash-001/reflexion-thinking_oracle/shopping/tasks_10,shopping,shopping187
188,0,1,11,90.95094824,experiments/gemini-2.5-flash-001/reflexion-thinking_oracle/shopping/tasks_9/summary_data.csv,experiments/gemini-2.5-flash-001/reflexion-thinking_oracle/shopping/tasks_9,shopping,shopping188
191,0,1,5,58.93632007,experiments/gemini-2.5-flash-001/reflexion-thinking_oracle/shopping/tasks_12_1/summary_data.csv,experiments/gemini-2.5-flash-001/reflexion-thinking_oracle/shopping/tasks_12_1,shopping,shopping191
192,0,1,1,12.78363705,experiments/gemini-2.5-flash-001/reflexion-thinking_oracle/shopping/tasks_10_1/summary_data.csv,experiments/gemini-2.5-flash-001/reflexion-thinking_oracle/shopping/tasks_10_1,shopping,shopping192
194,0,0,2,61.37609863,experiments/gemini-2.5-flash-001/reflexion-thinking_oracle/shopping/tasks_20/summary_data.csv,experiments/gemini-2.5-flash-001/reflexion-thinking_oracle/shopping/tasks_20,shopping,shopping194
197,0,0,5,48.25144124,experiments/gemini-2.5-flash-001/reflexion-thinking_oracle/shopping/tasks_17/summary_data.csv,experiments/gemini-2.5-flash-001/reflexion-thinking_oracle/shopping/tasks_17,shopping,shopping197
198,0,0,2,49.40193582,experiments/gemini-2.5-flash-001/reflexion-thinking_oracle/shopping/tasks_2/summary_data.csv,experiments/gemini-2.5-flash-001/reflexion-thinking_oracle/shopping/tasks_2,shopping,shopping198
199,0,1,2,17.24489951,experiments/gemini-2.5-flash-001/reflexion-thinking_oracle/shopping/tasks_7/summary_data.csv,experiments/gemini-2.5-flash-001/reflexion-thinking_oracle/shopping/tasks_7,shopping,shopping199
202,0,0,2,18.28818369,experiments/gemini-2.5-flash-001/reflexion-thinking_oracle/shopping/tasks_4_1/summary_data.csv,experiments/gemini-2.5-flash-001/reflexion-thinking_oracle/shopping/tasks_4_1,shopping,shopping202
204,0,1,7,364.0132866,experiments/gemini-2.5-flash-001/reflexion-thinking_oracle/shopping/tasks_16/summary_data.csv,experiments/gemini-2.5-flash-001/reflexion-thinking_oracle/shopping/tasks_16,shopping,shopping204
207,0,1,1,12.5191555,experiments/gemini-2.5-flash-001/reflexion-thinking_oracle/shopping/tasks_19/summary_data.csv,experiments/gemini-2.5-flash-001/reflexion-thinking_oracle/shopping/tasks_19,shopping,shopping207
211,0,1,2,19.4830184,experiments/gemini-2.5-flash-001/reflexion-thinking_oracle/shopping/tasks_6/summary_data.csv,experiments/gemini-2.5-flash-001/reflexion-thinking_oracle/shopping/tasks_6,shopping,shopping211
213,0,0,5,49.68352628,experiments/gemini-2.5-flash-001/reflexion-thinking_oracle/shopping/tasks_3_1/summary_data.csv,experiments/gemini-2.5-flash-001/reflexion-thinking_oracle/shopping/tasks_3_1,shopping,shopping213
215,0,0,31,225.0267835,experiments/gemini-2.5-flash-001/reflexion-thinking_oracle/shopping/tasks_8/summary_data.csv,experiments/gemini-2.5-flash-001/reflexion-thinking_oracle/shopping/tasks_8,shopping,shopping215
216,0,1,2,20.95761943,experiments/gemini-2.5-flash-001/reflexion-thinking_oracle/shopping/tasks_19/summary_data.csv,experiments/gemini-2.5-flash-001/reflexion-thinking_oracle/shopping/tasks_19,shopping,shopping216
219,0,0,1,19.65453792,experiments/gemini-2.5-flash-001/reflexion-thinking_oracle/shopping/tasks_4_1/summary_data.csv,experiments/gemini-2.5-flash-001/reflexion-thinking_oracle/shopping/tasks_4_1,shopping,shopping219
222,0,1,5,61.54703426,experiments/gemini-2.5-flash-001/reflexion-thinking_oracle/shopping/tasks_1_1/summary_data.csv,experiments/gemini-2.5-flash-001/reflexion-thinking_oracle/shopping/tasks_1_1,shopping,shopping222
223,0,1,31,416.0624349,experiments/gemini-2.5-flash-001/reflexion-thinking_oracle/shopping/tasks_8_1/summary_data.csv,experiments/gemini-2.5-flash-001/reflexion-thinking_oracle/shopping/tasks_8_1,shopping,shopping223
224,0,1,3,30.55098486,experiments/gemini-2.5-flash-001/reflexion-thinking_oracle/shopping/tasks_8/summary_data.csv,experiments/gemini-2.5-flash-001/reflexion-thinking_oracle/shopping/tasks_8,shopping,shopping224
226,0,1,4,181.7176154,experiments/gemini-2.5-flash-001/reflexion-thinking_oracle/shopping/tasks_18/summary_data.csv,experiments/gemini-2.5-flash-001/reflexion-thinking_oracle/shopping/tasks_18,shopping,shopping226
231,0,1,2,21.4970932,experiments/gemini-2.5-flash-001/reflexion-thinking_oracle/shopping/tasks_5_1/summary_data.csv,experiments/gemini-2.5-flash-001/reflexion-thinking_oracle/shopping/tasks_5_1,shopping,shopping231
232,0,1,3,35.22169399,experiments/gemini-2.5-flash-001/reflexion-thinking_oracle/shopping/tasks_5/summary_data.csv,experiments/gemini-2.5-flash-001/reflexion-thinking_oracle/shopping/tasks_5,shopping,shopping232
233,0,1,8,74.38094687,experiments/gemini-2.5-flash-001/reflexion-thinking_oracle/shopping/tasks_20/summary_data.csv,experiments/gemini-2.5-flash-001/reflexion-thinking_oracle/shopping/tasks_20,shopping,shopping233
237,0,1,9,68.73811913,experiments/gemini-2.5-flash-001/reflexion-thinking_oracle/shopping/tasks_7_1/summary_data.csv,experiments/gemini-2.5-flash-001/reflexion-thinking_oracle/shopping/tasks_7_1,shopping,shopping237
239,0,0,9,547.1602736,experiments/gemini-2.5-flash-001/reflexion-thinking_oracle/shopping/tasks_16/summary_data.csv,experiments/gemini-2.5-flash-001/reflexion-thinking_oracle/shopping/tasks_16,shopping,shopping239
241,0,0,2,257.4413042,experiments/gemini-2.5-flash-001/reflexion-thinking_oracle/shopping/tasks_19/summary_data.csv,experiments/gemini-2.5-flash-001/reflexion-thinking_oracle/shopping/tasks_19,shopping,shopping241
242,0,0,2,32.15557408,experiments/gemini-2.5-flash-001/reflexion-thinking_oracle/shopping/tasks_4/summary_data.csv,experiments/gemini-2.5-flash-001/reflexion-thinking_oracle/shopping/tasks_4,shopping,shopping242
243,0,1,2,30.94172454,experiments/gemini-2.5-flash-001/reflexion-thinking_oracle/shopping/tasks_5/summary_data.csv,experiments/gemini-2.5-flash-001/reflexion-thinking_oracle/shopping/tasks_5,shopping,shopping243
245,0,0,3,149.1891422,experiments/gemini-2.5-flash-001/reflexion-thinking_oracle/shopping/tasks_2/summary_data.csv,experiments/gemini-2.5-flash-001/reflexion-thinking_oracle/shopping/tasks_2,shopping,shopping245
247,0,0,26,364.1441255,experiments/gemini-2.5-flash-001/reflexion-thinking_oracle/shopping/tasks_17/summary_data.csv,experiments/gemini-2.5-flash-001/reflexion-thinking_oracle/shopping/tasks_17,shopping,shopping247
249,0,0,6,65.12562656,experiments/gemini-2.5-flash-001/reflexion-thinking_oracle/shopping/tasks_4/summary_data.csv,experiments/gemini-2.5-flash-001/reflexion-thinking_oracle/shopping/tasks_4,shopping,shopping249
251,0,0,7,57.3987956,experiments/gemini-2.5-flash-001/reflexion-thinking_oracle/shopping/tasks_7/summary_data.csv,experiments/gemini-2.5-flash-001/reflexion-thinking_oracle/shopping/tasks_7,shopping,shopping251
252,0,0,11,132.4353631,experiments/gemini-2.5-flash-001/reflexion-thinking_oracle/shopping/tasks_9_1/summary_data.csv,experiments/gemini-2.5-flash-001/reflexion-thinking_oracle/shopping/tasks_9_1,shopping,shopping252
254,0,0,3,40.04909873,experiments/gemini-2.5-flash-001/reflexion-thinking_oracle/shopping/tasks_1/summary_data.csv,experiments/gemini-2.5-flash-001/reflexion-thinking_oracle/shopping/tasks_1,shopping,shopping254
255,0,0,28,1427.306153,experiments/gemini-2.5-flash-001/reflexion-thinking_oracle/shopping/tasks_21/summary_data.csv,experiments/gemini-2.5-flash-001/reflexion-thinking_oracle/shopping/tasks_21,shopping,shopping255
257,0,1,13,140.6218605,experiments/gemini-2.5-flash-001/reflexion-thinking_oracle/shopping/tasks_9/summary_data.csv,experiments/gemini-2.5-flash-001/reflexion-thinking_oracle/shopping/tasks_9,shopping,shopping257
258,0,0,9,73.96823621,experiments/gemini-2.5-flash-001/reflexion-thinking_oracle/shopping/tasks_1_1/summary_data.csv,experiments/gemini-2.5-flash-001/reflexion-thinking_oracle/shopping/tasks_1_1,shopping,shopping258
259,0,0,6,56.28288198,experiments/gemini-2.5-flash-001/reflexion-thinking_oracle/shopping/tasks_4_1/summary_data.csv,experiments/gemini-2.5-flash-001/reflexion-thinking_oracle/shopping/tasks_4_1,shopping,shopping259
260,0,0,3,41.20002627,experiments/gemini-2.5-flash-001/reflexion-thinking_oracle/shopping/tasks_9_1/summary_data.csv,experiments/gemini-2.5-flash-001/reflexion-thinking_oracle/shopping/tasks_9_1,shopping,shopping260
263,0,0,14,130.5657976,experiments/gemini-2.5-flash-001/reflexion-thinking_oracle/shopping/tasks_3_1/summary_data.csv,experiments/gemini-2.5-flash-001/reflexion-thinking_oracle/shopping/tasks_3_1,shopping,shopping263
264,0,0,8,60.83930707,experiments/gemini-2.5-flash-001/reflexion-thinking_oracle/shopping/tasks_20/summary_data.csv,experiments/gemini-2.5-flash-001/reflexion-thinking_oracle/shopping/tasks_20,shopping,shopping264
266,0,0,9,218.7530584,experiments/gemini-2.5-flash-001/reflexion-thinking_oracle/shopping/tasks_1/summary_data.csv,experiments/gemini-2.5-flash-001/reflexion-thinking_oracle/shopping/tasks_1,shopping,shopping266
267,0,0,5,46.88469744,experiments/gemini-2.5-flash-001/reflexion-thinking_oracle/shopping/tasks_6/summary_data.csv,experiments/gemini-2.5-flash-001/reflexion-thinking_oracle/shopping/tasks_6,shopping,shopping267
269,0,0,5,46.58481455,experiments/gemini-2.5-flash-001/reflexion-thinking_oracle/shopping/tasks_8/summary_data.csv,experiments/gemini-2.5-flash-001/reflexion-thinking_oracle/shopping/tasks_8,shopping,shopping269
272,0,1,7,95.6231091,experiments/gemini-2.5-flash-001/reflexion-thinking_oracle/shopping/tasks_11_1/summary_data.csv,experiments/gemini-2.5-flash-001/reflexion-thinking_oracle/shopping/tasks_11_1,shopping,shopping272
273,0,1,3,101.8473303,experiments/gemini-2.5-flash-001/reflexion-thinking_oracle/shopping/tasks_14/summary_data.csv,experiments/gemini-2.5-flash-001/reflexion-thinking_oracle/shopping/tasks_14,shopping,shopping273
276,0,1,3,173.6746323,experiments/gemini-2.5-flash-001/reflexion-thinking_oracle/shopping/tasks_22/summary_data.csv,experiments/gemini-2.5-flash-001/reflexion-thinking_oracle/shopping/tasks_22,shopping,shopping276
280,0,1,31,1869.488014,experiments/gemini-2.5-flash-001/reflexion-thinking_oracle/shopping/tasks_14/summary_data.csv,experiments/gemini-2.5-flash-001/reflexion-thinking_oracle/shopping/tasks_14,shopping,shopping280
281,0,1,6,117.7167208,experiments/gemini-2.5-flash-001/reflexion-thinking_oracle/shopping/tasks_19/summary_data.csv,experiments/gemini-2.5-flash-001/reflexion-thinking_oracle/shopping/tasks_19,shopping,shopping281
284,0,0,7,333.5155289,experiments/gemini-2.5-flash-001/reflexion-thinking_oracle/shopping/tasks_20/summary_data.csv,experiments/gemini-2.5-flash-001/reflexion-thinking_oracle/shopping/tasks_20,shopping,shopping284
285,0,0,4,325.0884893,experiments/gemini-2.5-flash-001/reflexion-thinking_oracle/shopping/tasks_15/summary_data.csv,experiments/gemini-2.5-flash-001/reflexion-thinking_oracle/shopping/tasks_15,shopping,shopping285
286,0,1,5,129.409857,experiments/gemini-2.5-flash-001/reflexion-thinking_oracle/shopping/tasks_5_1/summary_data.csv,experiments/gemini-2.5-flash-001/reflexion-thinking_oracle/shopping/tasks_5_1,shopping,shopping286
287,0,1,2,63.16356802,experiments/gemini-2.5-flash-001/reflexion-thinking_oracle/shopping/tasks_20/summary_data.csv,experiments/gemini-2.5-flash-001/reflexion-thinking_oracle/shopping/tasks_20,shopping,shopping287
289,0,1,4,108.9924128,experiments/gemini-2.5-flash-001/reflexion-thinking_oracle/shopping/tasks_15/summary_data.csv,experiments/gemini-2.5-flash-001/reflexion-thinking_oracle/shopping/tasks_15,shopping,shopping289
292,0,1,1,25.72149754,experiments/gemini-2.5-flash-001/reflexion-thinking_oracle/shopping/tasks_15/summary_data.csv,experiments/gemini-2.5-flash-001/reflexion-thinking_oracle/shopping/tasks_15,shopping,shopping292
295,0,1,3,139.9201257,experiments/gemini-2.5-flash-001/reflexion-thinking_oracle/shopping/tasks_19/summary_data.csv,experiments/gemini-2.5-flash-001/reflexion-thinking_oracle/shopping/tasks_19,shopping,shopping295
298,0,1,3,39.28854632,experiments/gemini-2.5-flash-001/reflexion-thinking_oracle/shopping/tasks_6_1/summary_data.csv,experiments/gemini-2.5-flash-001/reflexion-thinking_oracle/shopping/tasks_6_1,shopping,shopping298
302,0,1,1,27.00633931,experiments/gemini-2.5-flash-001/reflexion-thinking_oracle/shopping/tasks_10/summary_data.csv,experiments/gemini-2.5-flash-001/reflexion-thinking_oracle/shopping/tasks_10,shopping,shopping302
305,0,1,2,86.26702976,experiments/gemini-2.5-flash-001/reflexion-thinking_oracle/shopping/tasks_6/summary_data.csv,experiments/gemini-2.5-flash-001/reflexion-thinking_oracle/shopping/tasks_6,shopping,shopping305
306,0,1,2,21.14318776,experiments/gemini-2.5-flash-001/reflexion-thinking_oracle/shopping/tasks_13/summary_data.csv,experiments/gemini-2.5-flash-001/reflexion-thinking_oracle/shopping/tasks_13,shopping,shopping306
309,0,1,9,105.0603256,experiments/gemini-2.5-flash-001/reflexion-thinking_oracle/shopping/tasks_8/summary_data.csv,experiments/gemini-2.5-flash-001/reflexion-thinking_oracle/shopping/tasks_8,shopping,shopping309
313,0,0,5,259.6478007,experiments/gemini-2.5-flash-001/reflexion-thinking_oracle/shopping/tasks_18/summary_data.csv,experiments/gemini-2.5-flash-001/reflexion-thinking_oracle/shopping/tasks_18,shopping,shopping313
315,0,1,2,29.46811986,experiments/gemini-2.5-flash-001/reflexion-thinking_oracle/shopping/tasks_4_1/summary_data.csv,experiments/gemini-2.5-flash-001/reflexion-thinking_oracle/shopping/tasks_4_1,shopping,shopping315
316,0,0,1,14.16863728,experiments/gemini-2.5-flash-001/reflexion-thinking_oracle/shopping/tasks_6_1/summary_data.csv,experiments/gemini-2.5-flash-001/reflexion-thinking_oracle/shopping/tasks_6_1,shopping,shopping316
318,0,0,2,28.15620351,experiments/gemini-2.5-flash-001/reflexion-thinking_oracle/shopping/tasks_10_1/summary_data.csv,experiments/gemini-2.5-flash-001/reflexion-thinking_oracle/shopping/tasks_10_1,shopping,shopping318
322,0,0,2,22.70440149,experiments/gemini-2.5-flash-001/reflexion-thinking_oracle/shopping/tasks_10_1/summary_data.csv,experiments/gemini-2.5-flash-001/reflexion-thinking_oracle/shopping/tasks_10_1,shopping,shopping322
325,0,0,10,984.5731606,experiments/gemini-2.5-flash-001/reflexion-thinking_oracle/shopping/tasks_13/summary_data.csv,experiments/gemini-2.5-flash-001/reflexion-thinking_oracle/shopping/tasks_13,shopping,shopping325
329,0,0,4,37.5633688,experiments/gemini-2.5-flash-001/reflexion-thinking_oracle/shopping/tasks_8_1/summary_data.csv,experiments/gemini-2.5-flash-001/reflexion-thinking_oracle/shopping/tasks_8_1,shopping,shopping329
330,0,0,5,56.9952209,experiments/gemini-2.5-flash-001/reflexion-thinking_oracle/shopping/tasks_6_1/summary_data.csv,experiments/gemini-2.5-flash-001/reflexion-thinking_oracle/shopping/tasks_6_1,shopping,shopping330
331,0,1,20,1460.641247,experiments/gemini-2.5-flash-001/reflexion-thinking_oracle/shopping/tasks_15/summary_data.csv,experiments/gemini-2.5-flash-001/reflexion-thinking_oracle/shopping/tasks_15,shopping,shopping331
334,0,1,2,53.52058101,experiments/gemini-2.5-flash-001/reflexion-thinking_oracle/shopping/tasks_7/summary_data.csv,experiments/gemini-2.5-flash-001/reflexion-thinking_oracle/shopping/tasks_7,shopping,shopping334
335,0,1,18,275.913949,experiments/gemini-2.5-flash-001/reflexion-thinking_oracle/shopping/tasks_11_1/summary_data.csv,experiments/gemini-2.5-flash-001/reflexion-thinking_oracle/shopping/tasks_11_1,shopping,shopping335
339,0,0,1,11.86126661,experiments/gemini-2.5-flash-001/reflexion-thinking_oracle/shopping/tasks_12_1/summary_data.csv,experiments/gemini-2.5-flash-001/reflexion-thinking_oracle/shopping/tasks_12_1,shopping,shopping339
340,0,1,3,672.1962852,experiments/gemini-2.5-flash-001/reflexion-thinking_oracle/shopping/tasks_13/summary_data.csv,experiments/gemini-2.5-flash-001/reflexion-thinking_oracle/shopping/tasks_13,shopping,shopping340
342,0,0,7,113.7197986,experiments/gemini-2.5-flash-001/reflexion-thinking_oracle/shopping/tasks_13/summary_data.csv,experiments/gemini-2.5-flash-001/reflexion-thinking_oracle/shopping/tasks_13,shopping,shopping342
345,0,1,7,58.4743278,experiments/gemini-2.5-flash-001/reflexion-thinking_oracle/shopping/tasks_7_1/summary_data.csv,experiments/gemini-2.5-flash-001/reflexion-thinking_oracle/shopping/tasks_7_1,shopping,shopping345
347,0,1,5,525.4446952,experiments/gemini-2.5-flash-001/reflexion-thinking_oracle/shopping/tasks_17/summary_data.csv,experiments/gemini-2.5-flash-001/reflexion-thinking_oracle/shopping/tasks_17,shopping,shopping347
348,0,0,12,225.0506258,experiments/gemini-2.5-flash-001/reflexion-thinking_oracle/shopping/tasks_10_1/summary_data.csv,experiments/gemini-2.5-flash-001/reflexion-thinking_oracle/shopping/tasks_10_1,shopping,shopping348
349,0,0,16,361.2645106,experiments/gemini-2.5-flash-001/reflexion-thinking_oracle/shopping/tasks_5/summary_data.csv,experiments/gemini-2.5-flash-001/reflexion-thinking_oracle/shopping/tasks_5,shopping,shopping349
353,0,1,2,78.2039783,experiments/gemini-2.5-flash-001/reflexion-thinking_oracle/shopping/tasks_3/summary_data.csv,experiments/gemini-2.5-flash-001/reflexion-thinking_oracle/shopping/tasks_3,shopping,shopping353
354,0,0,2,193.6618392,experiments/gemini-2.5-flash-001/reflexion-thinking_oracle/shopping/tasks_11/summary_data.csv,experiments/gemini-2.5-flash-001/reflexion-thinking_oracle/shopping/tasks_11,shopping,shopping354
356,0,0,7,70.26548672,experiments/gemini-2.5-flash-001/reflexion-thinking_oracle/shopping/tasks_12_1/summary_data.csv,experiments/gemini-2.5-flash-001/reflexion-thinking_oracle/shopping/tasks_12_1,shopping,shopping356
357,0,1,1,11.258039,experiments/gemini-2.5-flash-001/reflexion-thinking_oracle/shopping/tasks_14/summary_data.csv,experiments/gemini-2.5-flash-001/reflexion-thinking_oracle/shopping/tasks_14,shopping,shopping357
358,0,0,5,46.33421636,experiments/gemini-2.5-flash-001/reflexion-thinking_oracle/shopping/tasks_8_1/summary_data.csv,experiments/gemini-2.5-flash-001/reflexion-thinking_oracle/shopping/tasks_8_1,shopping,shopping358
360,0,1,8,57.38879871,experiments/gemini-2.5-flash-001/reflexion-thinking_oracle/shopping/tasks_9_1/summary_data.csv,experiments/gemini-2.5-flash-001/reflexion-thinking_oracle/shopping/tasks_9_1,shopping,shopping360
364,0,1,9,92.10421324,experiments/gemini-2.5-flash-001/reflexion-thinking_oracle/shopping/tasks_5/summary_data.csv,experiments/gemini-2.5-flash-001/reflexion-thinking_oracle/shopping/tasks_5,shopping,shopping364
366,0,0,5,56.2834785,experiments/gemini-2.5-flash-001/reflexion-thinking_oracle/shopping/tasks_3_1/summary_data.csv,experiments/gemini-2.5-flash-001/reflexion-thinking_oracle/shopping/tasks_3_1,shopping,shopping366
368,0,0,5,113.6908178,experiments/gemini-2.5-flash-001/reflexion-thinking_oracle/shopping/tasks_12/summary_data.csv,experiments/gemini-2.5-flash-001/reflexion-thinking_oracle/shopping/tasks_12,shopping,shopping368
370,0,0,9,282.0420465,experiments/gemini-2.5-flash-001/reflexion-thinking_oracle/shopping/tasks_13/summary_data.csv,experiments/gemini-2.5-flash-001/reflexion-thinking_oracle/shopping/tasks_13,shopping,shopping370
371,0,0,17,171.0746207,experiments/gemini-2.5-flash-001/reflexion-thinking_oracle/shopping/tasks_4_1/summary_data.csv,experiments/gemini-2.5-flash-001/reflexion-thinking_oracle/shopping/tasks_4_1,shopping,shopping371
375,0,0,16,159.0452149,experiments/gemini-2.5-flash-001/reflexion-thinking_oracle/shopping/tasks_9/summary_data.csv,experiments/gemini-2.5-flash-001/reflexion-thinking_oracle/shopping/tasks_9,shopping,shopping375
378,0,1,12,138.4766316,experiments/gemini-2.5-flash-001/reflexion-thinking_oracle/shopping/tasks_7_1/summary_data.csv,experiments/gemini-2.5-flash-001/reflexion-thinking_oracle/shopping/tasks_7_1,shopping,shopping378
381,0,1,3,61.91217518,experiments/gemini-2.5-flash-001/reflexion-thinking_oracle/shopping/tasks_11/summary_data.csv,experiments/gemini-2.5-flash-001/reflexion-thinking_oracle/shopping/tasks_11,shopping,shopping381
386,0,0,2,62.04823136,experiments/gemini-2.5-flash-001/reflexion-thinking_oracle/shopping/tasks_17/summary_data.csv,experiments/gemini-2.5-flash-001/reflexion-thinking_oracle/shopping/tasks_17,shopping,shopping386
387,0,0,7,51.14183664,experiments/gemini-2.5-flash-001/reflexion-thinking_oracle/shopping/tasks_11_1/summary_data.csv,experiments/gemini-2.5-flash-001/reflexion-thinking_oracle/shopping/tasks_11_1,shopping,shopping387
388,0,0,2,35.24903131,experiments/gemini-2.5-flash-001/reflexion-thinking_oracle/shopping/tasks_3_1/summary_data.csv,experiments/gemini-2.5-flash-001/reflexion-thinking_oracle/shopping/tasks_3_1,shopping,shopping388
391,0,0,7,51.3060329,experiments/gemini-2.5-flash-001/reflexion-thinking_oracle/shopping/tasks_1_1/summary_data.csv,experiments/gemini-2.5-flash-001/reflexion-thinking_oracle/shopping/tasks_1_1,shopping,shopping391
396,0,0,8,564.4463084,experiments/gemini-2.5-flash-001/reflexion-thinking_oracle/shopping/tasks_23/summary_data.csv,experiments/gemini-2.5-flash-001/reflexion-thinking_oracle/shopping/tasks_23,shopping,shopping396
398,0,0,4,289.4404724,experiments/gemini-2.5-flash-001/reflexion-thinking_oracle/shopping/tasks_22/summary_data.csv,experiments/gemini-2.5-flash-001/reflexion-thinking_oracle/shopping/tasks_22,shopping,shopping398
400,0,0,6,159.5972428,experiments/gemini-2.5-flash-001/reflexion-thinking_oracle/shopping/tasks_9/summary_data.csv,experiments/gemini-2.5-flash-001/reflexion-thinking_oracle/shopping/tasks_9,shopping,shopping400
406,0,0,5,60.54808593,experiments/gemini-2.5-flash-001/reflexion-thinking_oracle/shopping/tasks_4/summary_data.csv,experiments/gemini-2.5-flash-001/reflexion-thinking_oracle/shopping/tasks_4,shopping,shopping406
409,0,0,5,84.87692666,experiments/gemini-2.5-flash-001/reflexion-thinking_oracle/shopping/tasks_9_1/summary_data.csv,experiments/gemini-2.5-flash-001/reflexion-thinking_oracle/shopping/tasks_9_1,shopping,shopping409
412,0,1,11,839.9980826,experiments/gemini-2.5-flash-001/reflexion-thinking_oracle/shopping/tasks_16/summary_data.csv,experiments/gemini-2.5-flash-001/reflexion-thinking_oracle/shopping/tasks_16,shopping,shopping412
413,0,0,10,167.2202256,experiments/gemini-2.5-flash-001/reflexion-thinking_oracle/shopping/tasks_11/summary_data.csv,experiments/gemini-2.5-flash-001/reflexion-thinking_oracle/shopping/tasks_11,shopping,shopping413
417,0,0,31,275.9229753,experiments/gemini-2.5-flash-001/reflexion-thinking_oracle/shopping/tasks_2_1/summary_data.csv,experiments/gemini-2.5-flash-001/reflexion-thinking_oracle/shopping/tasks_2_1,shopping,shopping417
422,0,0,4,52.01792169,experiments/gemini-2.5-flash-001/reflexion-thinking_oracle/shopping/tasks_7/summary_data.csv,experiments/gemini-2.5-flash-001/reflexion-thinking_oracle/shopping/tasks_7,shopping,shopping422
423,0,1,3,24.15796471,experiments/gemini-2.5-flash-001/reflexion-thinking_oracle/shopping/tasks_12_1/summary_data.csv,experiments/gemini-2.5-flash-001/reflexion-thinking_oracle/shopping/tasks_12_1,shopping,shopping423
424,0,0,4,297.1637385,experiments/gemini-2.5-flash-001/reflexion-thinking_oracle/shopping/tasks_12/summary_data.csv,experiments/gemini-2.5-flash-001/reflexion-thinking_oracle/shopping/tasks_12,shopping,shopping424
427,0,0,9,70.5392971,experiments/gemini-2.5-flash-001/reflexion-thinking_oracle/shopping/tasks_7_1/summary_data.csv,experiments/gemini-2.5-flash-001/reflexion-thinking_oracle/shopping/tasks_7_1,shopping,shopping427
431,0,0,4,102.6171353,experiments/gemini-2.5-flash-001/reflexion-thinking_oracle/shopping/tasks_7_1/summary_data.csv,experiments/gemini-2.5-flash-001/reflexion-thinking_oracle/shopping/tasks_7_1,shopping,shopping431
432,0,0,16,205.2295024,experiments/gemini-2.5-flash-001/reflexion-thinking_oracle/shopping/tasks_2/summary_data.csv,experiments/gemini-2.5-flash-001/reflexion-thinking_oracle/shopping/tasks_2,shopping,shopping432
433,0,0,3,74.30314898,experiments/gemini-2.5-flash-001/reflexion-thinking_oracle/shopping/tasks_15/summary_data.csv,experiments/gemini-2.5-flash-001/reflexion-thinking_oracle/shopping/tasks_15,shopping,shopping433
437,0,0,4,125.8384256,experiments/gemini-2.5-flash-001/reflexion-thinking_oracle/shopping/tasks_18/summary_data.csv,experiments/gemini-2.5-flash-001/reflexion-thinking_oracle/shopping/tasks_18,shopping,shopping437
438,0,0,6,89.7040534,experiments/gemini-2.5-flash-001/reflexion-thinking_oracle/shopping/tasks_10_1/summary_data.csv,experiments/gemini-2.5-flash-001/reflexion-thinking_oracle/shopping/tasks_10_1,shopping,shopping438
440,0,0,8,152.0752959,experiments/gemini-2.5-flash-001/reflexion-thinking_oracle/shopping/tasks_8_1/summary_data.csv,experiments/gemini-2.5-flash-001/reflexion-thinking_oracle/shopping/tasks_8_1,shopping,shopping440
441,0,1,3,28.74640226,experiments/gemini-2.5-flash-001/reflexion-thinking_oracle/shopping/tasks_6_1/summary_data.csv,experiments/gemini-2.5-flash-001/reflexion-thinking_oracle/shopping/tasks_6_1,shopping,shopping441
443,0,1,3,36.30677533,experiments/gemini-2.5-flash-001/reflexion-thinking_oracle/shopping/tasks_10/summary_data.csv,experiments/gemini-2.5-flash-001/reflexion-thinking_oracle/shopping/tasks_10,shopping,shopping443
444,0,1,2,28.18365812,experiments/gemini-2.5-flash-001/reflexion-thinking_oracle/shopping/tasks_6/summary_data.csv,experiments/gemini-2.5-flash-001/reflexion-thinking_oracle/shopping/tasks_6,shopping,shopping444
446,0,1,2,23.23409748,experiments/gemini-2.5-flash-001/reflexion-thinking_oracle/shopping/tasks_5_1/summary_data.csv,experiments/gemini-2.5-flash-001/reflexion-thinking_oracle/shopping/tasks_5_1,shopping,shopping446
447,0,1,24,184.2141497,experiments/gemini-2.5-flash-001/reflexion-thinking_oracle/shopping/tasks_3_1/summary_data.csv,experiments/gemini-2.5-flash-001/reflexion-thinking_oracle/shopping/tasks_3_1,shopping,shopping447
450,0,0,6,261.7076211,experiments/gemini-2.5-flash-001/reflexion-thinking_oracle/shopping/tasks_18/summary_data.csv,experiments/gemini-2.5-flash-001/reflexion-thinking_oracle/shopping/tasks_18,shopping,shopping450
451,0,0,6,124.4372067,experiments/gemini-2.5-flash-001/reflexion-thinking_oracle/shopping/tasks_12/summary_data.csv,experiments/gemini-2.5-flash-001/reflexion-thinking_oracle/shopping/tasks_12,shopping,shopping451
453,0,1,6,60.4692049,experiments/gemini-2.5-flash-001/reflexion-thinking_oracle/shopping/tasks_10/summary_data.csv,experiments/gemini-2.5-flash-001/reflexion-thinking_oracle/shopping/tasks_10,shopping,shopping453
457,0,0,3,115.793185,experiments/gemini-2.5-flash-001/reflexion-thinking_oracle/shopping/tasks_14/summary_data.csv,experiments/gemini-2.5-flash-001/reflexion-thinking_oracle/shopping/tasks_14,shopping,shopping457
460,0,0,5,49.09799623,experiments/gemini-2.5-flash-001/reflexion-thinking_oracle/shopping/tasks_7/summary_data.csv,experiments/gemini-2.5-flash-001/reflexion-thinking_oracle/shopping/tasks_7,shopping,shopping460
462,0,1,6,90.36069679,experiments/gemini-2.5-flash-001/reflexion-thinking_oracle/shopping/tasks_5/summary_data.csv,experiments/gemini-2.5-flash-001/reflexion-thinking_oracle/shopping/tasks_5,shopping,shopping462
463,0,1,3,30.42178321,experiments/gemini-2.5-flash-001/reflexion-thinking_oracle/shopping/tasks_1_1/summary_data.csv,experiments/gemini-2.5-flash-001/reflexion-thinking_oracle/shopping/tasks_1_1,shopping,shopping463
